"forename","surname","driver_name","points_all_time","winning_percentage_all_time","average_points_per_race_all_time","championships","wins_all_time","races_all_time"
Adolf,Brudes,Adolf Brudes,0,0,0,0,0,1
Adolfo,Cruz,Adolfo Cruz,0,0,0,0,0,1
Adrian,Sutil,Adrian Sutil,96,0.0,0.75,0,0,128
Adrián,Campos,Adrián Campos,0,0.0,0,0,0,21
Aguri,Suzuki,Aguri Suzuki,59,0.0,0.67,0,0,88
Al,Herman,Al Herman,4,0,0,0,0,5
Al,Keller,Al Keller,0,0,0,0,0,5
Al,Pease,Al Pease,0,0,0,0,0,2
Alain,Prost,Alain Prost,1156,25.25,5.72,4,51,202
Alain,de Changy,Alain de Changy,0,0,0,0,0,1
Alan,Brown,Alan Brown,13,0,0,0,0,9
Alan,Jones,Alan Jones,354,10.26,3.03,1,12,117
Alan,Rees,Alan Rees,6,0,0,0,0,2
Alan,Rollinson,Alan Rollinson,0,0,0,0,0,1
Alan,Stacey,Alan Stacey,3,0,0,0,0,7
Albert,Scherrer,Albert Scherrer,2,0,0,0,0,1
Alberto,Ascari,Alberto Ascari,194,36.11,0,2,13,36
Alberto,Colombo,Alberto Colombo,0,0,0,0,0,3
Alberto,Crespo,Alberto Crespo,0,0,0,0,0,1
Alberto,Uria,Alberto Uria,5,0,0,0,0,2
Alberto Rodriguez,Larreta,Alberto Rodriguez Larreta,2,0,0,0,0,1
Aldo,Gordini,Aldo Gordini,0,0,0,0,0,1
Alessandro,Nannini,Alessandro Nannini,149,1.3,1.94,0,1,77
Alessandro,Pesenti-Rossi,Alessandro Pesenti-Rossi,0,0,0,0,0,4
Alessandro,Zanardi,Alessandro Zanardi,29,0.0,0.66,0,0,44
Alessandro,de Tomaso,Alessandro de Tomaso,2,0,0,0,0,2
Alex,Blignaut,Alex Blignaut,0,0,0,0,0,1
Alex,Caffi,Alex Caffi,56,0.0,0.75,0,0,75
Alex,Ribeiro,Alex Ribeiro,6,0,0,0,0,20
Alex,Soler-Roig,Alex Soler-Roig,0,0,0,0,0,9
Alex,Yoong,Alex Yoong,5,0,0,0,0,16
Alexander,Albon,Alexander Albon,144,0.0,1.78,0,0,81
Alexander,Rossi,Alexander Rossi,0,0,0,0,0,5
Alexander,Wurz,Alexander Wurz,143,0.0,2.07,0,0,69
Alfonso,Thiele,Alfonso Thiele,0,0,0,0,0,2
Alfonso,de Portago,Alfonso de Portago,16,0,0,0,0,6
Alfredo,Pián,Alfredo Pián,0,0,0,0,0,1
Allan,McNish,Allan McNish,11,0,0,0,0,17
Allen,Berg,Allen Berg,0,0,0,0,0,9
Andrea,Chiesa,Andrea Chiesa,0,0,0,0,0,10
Andrea,Montermini,Andrea Montermini,6,0.0,0,0,0,28
Andrea,de Adamich,Andrea de Adamich,28,0.0,0,0,0,36
Andrea,de Cesaris,Andrea de Cesaris,219,0.0,1.02,0,0,214
André,Guelfi,André Guelfi,0,0,0,0,0,1
André,Lotterer,André Lotterer,0,0,0,0,0,1
André,Milhoux,André Milhoux,0,0,0,0,0,1
André,Pilette,André Pilette,23,0,0,0,0,15
André,Simon,André Simon,12,0,0,0,0,12
André,Testut,André Testut,0,0,0,0,0,2
Andy,Linden,Andy Linden,18,0,0,0,0,11
Andy,Sutcliffe,Andy Sutcliffe,0,0,0,0,0,1
Anthony,Davidson,Anthony Davidson,0,0.0,0,0,0,24
Anthony,Foyt,Anthony Foyt,1,0,0,0,0,3
Antonio,Creus,Antonio Creus,0,0,0,0,0,1
Antonio,Giovinazzi,Antonio Giovinazzi,17,0.0,0.27,0,0,62
Antônio,Pizzonia,Antônio Pizzonia,21,0,0,0,0,20
Archie,Scott Brown,Archie Scott Brown,0,0,0,0,0,1
Art,Bisch,Art Bisch,0,0,0,0,0,1
Art,Cross,Art Cross,15,0,0,0,0,4
Arthur,Legat,Arthur Legat,0,0,0,0,0,2
Arthur,Owen,Arthur Owen,0,0,0,0,0,1
Arturo,Merzario,Arturo Merzario,45,0.0,0.54,0,0,84
Ayrton,Senna,Ayrton Senna,869,25.31,5.36,3,41,162
Azdrubal,Fontes,Azdrubal Fontes,0,0,0,0,0,1
Basil,van Rooyen,Basil van Rooyen,0,0,0,0,0,2
Bayliss,Levrett,Bayliss Levrett,0,0,0,0,0,1
Ben,Pon,Ben Pon,0,0,0,0,0,1
Beppe,Gabbiani,Beppe Gabbiani,0,0,0,0,0,17
Bernard,Collomb,Bernard Collomb,1,0,0,0,0,6
Bernard,de Dryver,Bernard de Dryver,0,0,0,0,0,1
Bernd,Schneider,Bernd Schneider,0,0.0,0,0,0,32
Bernie,Ecclestone,Bernie Ecclestone,0,0,0,0,0,1
Bertil,Roos,Bertil Roos,0,0,0,0,0,1
Bertrand,Gachot,Bertrand Gachot,30,0.0,0.36,0,0,84
Bill,Aston,Bill Aston,0,0,0,0,0,3
Bill,Brack,Bill Brack,0,0,0,0,0,3
Bill,Cantrell,Bill Cantrell,0,0,0,0,0,1
Bill,Cheesbourg,Bill Cheesbourg,1,0,0,0,0,3
Bill,Holland,Bill Holland,9,0,0,0,0,2
Bill,Homeier,Bill Homeier,6,0,0,0,0,3
Bill,Mackey,Bill Mackey,0,0,0,0,0,1
Bill,Moss,Bill Moss,0,0,0,0,0,1
Bill,Schindler,Bill Schindler,0,0,0,0,0,3
Bill,Vukovich,Bill Vukovich,20,0,0,0,2,5
Bill,Whitehouse,Bill Whitehouse,0,0,0,0,0,1
Billy,Garrett,Billy Garrett,0,0,0,0,0,2
Bob,Anderson,Bob Anderson,45,0.0,0,0,0,26
Bob,Bondurant,Bob Bondurant,15,0,0,0,0,9
Bob,Christie,Bob Christie,1,0,0,0,0,5
Bob,Drake,Bob Drake,0,0,0,0,0,1
Bob,Evans,Bob Evans,3,0,0,0,0,12
Bob,Gerard,Bob Gerard,16,0,0,0,0,7
Bob,Said,Bob Said,0,0,0,0,0,1
Bob,Scott,Bob Scott,0,0,0,0,0,5
Bob,Sweikert,Bob Sweikert,15,0,0,0,1,5
Bob,Veith,Bob Veith,9,0,0,0,0,5
Bobby,Ball,Bobby Ball,6,0,0,0,0,2
Bobby,Grim,Bobby Grim,0,0,0,0,0,2
Bobby,Rahal,Bobby Rahal,0,0,0,0,0,2
Bobby,Unser,Bobby Unser,0,0,0,0,0,1
Boy,Lunger,Boy Lunger,0,0,0,0,0,7
Brausch,Niemann,Brausch Niemann,0,0,0,0,0,2
Brendon,Hartley,Brendon Hartley,4,0.0,0,0,0,25
Brett,Lunger,Brett Lunger,17,0.0,0.4,0,0,42
Brian,Gubby,Brian Gubby,0,0,0,0,0,1
Brian,Hart,Brian Hart,0,0,0,0,0,1
Brian,Henton,Brian Henton,18,0.0,0,0,0,37
Brian,McGuire,Brian McGuire,0,0,0,0,0,1
Brian,Naylor,Brian Naylor,0,0,0,0,0,9
Brian,Redman,Brian Redman,30,0,0,0,0,13
Brian,Shawe Taylor,Brian Shawe Taylor,4,0,0,0,0,2
Bruce,Halford,Bruce Halford,3,0,0,0,0,9
Bruce,Johnstone,Bruce Johnstone,2,0,0,0,0,1
Bruce,Kessler,Bruce Kessler,0,0,0,0,0,1
Bruce,McLaren,Bruce McLaren,404,3.88,3.92,0,4,103
Bruno,Giacomelli,Bruno Giacomelli,68,0.0,0.83,0,0,82
Bruno,Senna,Bruno Senna,25,0.0,0.54,0,0,46
Bud,Tingelstad,Bud Tingelstad,2,0,0,0,0,1
Cal,Niday,Cal Niday,1,0,0,0,0,3
Carel Godin,de Beaufort,Carel Godin de Beaufort,40,0.0,0,0,0,31
Carl,Forberg,Carl Forberg,4,0,0,0,0,1
Carl,Scarborough,Carl Scarborough,0,0,0,0,0,2
Carlo,Abate,Carlo Abate,0,0,0,0,0,2
Carlo,Facetti,Carlo Facetti,0,0,0,0,0,1
Carlo,Franchi,Carlo Franchi,0,0,0,0,0,1
Carlos,Menditeguy,Carlos Menditeguy,25,0,0,0,0,12
Carlos,Pace,Carlos Pace,149,1.37,2.04,0,1,73
Carlos,Reutemann,Carlos Reutemann,585,8.22,4.01,0,12,146
Carlos,Sainz,Carlos Sainz,566,1.08,3.06,0,2,185
Carroll,Shelby,Carroll Shelby,13,0,0,0,0,9
Cecil,Green,Cecil Green,7,0,0,0,0,2
Cesare,Perdisa,Cesare Perdisa,38,0,0,0,0,9
Charles,Leclerc,Charles Leclerc,568,4.0,4.54,0,5,125
Charles,Pic,Charles Pic,0,0.0,0,0,0,39
Charles,Pozzi,Charles Pozzi,5,0,0,0,0,1
Charles,de Tornaco,Charles de Tornaco,4,0,0,0,0,3
Chet,Miller,Chet Miller,0,0,0,0,0,2
Chico,Landi,Chico Landi,12,0,0,0,0,6
Chico,Serra,Chico Serra,22,0.0,0,0,0,32
Chris,Amon,Chris Amon,229,0.0,2.16,0,0,106
Chris,Bristow,Chris Bristow,1,0,0,0,0,4
Chris,Craft,Chris Craft,0,0,0,0,0,2
Chris,Irwin,Chris Irwin,20,0,0,0,0,10
Chris,Lawrence,Chris Lawrence,0,0,0,0,0,2
Christian,Danner,Christian Danner,37,0.0,0.79,0,0,47
Christian,Fittipaldi,Christian Fittipaldi,68,0.0,1.58,0,0,43
Christian,Goethals,Christian Goethals,0,0,0,0,0,1
Christian,Klien,Christian Klien,42,0.0,0.82,0,0,51
Christijan,Albers,Christijan Albers,7,0.0,0.15,0,0,46
Chuck,Arnold,Chuck Arnold,0,0,0,0,0,1
Chuck,Daigh,Chuck Daigh,1,0,0,0,0,6
Chuck,Stevenson,Chuck Stevenson,2,0,0,0,0,7
Chuck,Weyant,Chuck Weyant,0,0,0,0,0,4
Claudio,Langes,Claudio Langes,0,0,0,0,0,14
Clay,Regazzoni,Clay Regazzoni,444,3.62,3.22,0,5,138
Clemar,Bucci,Clemar Bucci,0,0,0,0,0,5
Clemente,Biondetti,Clemente Biondetti,0,0,0,0,0,1
Cliff,Allison,Cliff Allison,43,0,0,0,0,18
Cliff,Griffith,Cliff Griffith,3,0,0,0,0,3
Clive,Puzey,Clive Puzey,0,0,0,0,0,1
Colin,Chapman,Colin Chapman,0,0,0,0,0,1
Colin,Davis,Colin Davis,0,0,0,0,0,3
Conny,Andersson,Conny Andersson,0,0,0,0,0,5
Consalvo,Sanesi,Consalvo Sanesi,13,0,0,0,0,5
Corrado,Fabi,Corrado Fabi,5,0,0,0,0,18
Cristiano,da Matta,Cristiano da Matta,32,0.0,0,0,0,28
Cuth,Harrison,Cuth Harrison,4,0,0,0,0,3
Damien,Magee,Damien Magee,0,0,0,0,0,2
Damon,Hill,Damon Hill,520,18.03,4.26,1,22,122
Dan,Gurney,Dan Gurney,258,4.6,2.97,0,4,87
Daniel,Ricciardo,Daniel Ricciardo,736,3.35,3.08,0,8,239
Daniil,Kvyat,Daniil Kvyat,136,0.0,1.21,0,0,112
Danny,Kladis,Danny Kladis,0,0,0,0,0,1
Danny,Ongais,Danny Ongais,4,0,0,0,0,6
Danny,Sullivan,Danny Sullivan,13,0,0,0,0,15
Dave,Charlton,Dave Charlton,0,0,0,0,0,13
Dave,Kennedy,Dave Kennedy,0,0,0,0,0,7
Dave,Morgan,Dave Morgan,0,0,0,0,0,1
David,Brabham,David Brabham,1,0.0,0,0,0,30
David,Clapham,David Clapham,0,0,0,0,0,1
David,Coulthard,David Coulthard,922,5.26,3.73,0,13,247
David,Hampshire,David Hampshire,2,0,0,0,0,2
David,Hobbs,David Hobbs,13,0,0,0,0,7
David,Murray,David Murray,0,0,0,0,0,4
David,Piper,David Piper,0,0,0,0,0,3
David,Prophet,David Prophet,0,0,0,0,0,2
David,Purley,David Purley,2,0,0,0,0,11
David,Walker,David Walker,3,0,0,0,0,11
Dempsey,Wilson,Dempsey Wilson,0,0,0,0,0,2
Dennis,Poore,Dennis Poore,7,0,0,0,0,2
Dennis,Taylor,Dennis Taylor,0,0,0,0,0,1
Denny,Hulme,Denny Hulme,497,7.14,4.44,1,8,112
Derek,Bell,Derek Bell,5,0,0,0,0,14
Derek,Daly,Derek Daly,77,0.0,1.2,0,0,64
Derek,Warwick,Derek Warwick,249,0.0,1.54,0,0,162
Desiré,Wilson,Desiré Wilson,0,0,0,0,0,1
Desmond,Titterington,Desmond Titterington,0,0,0,0,0,1
Dick,Gibson,Dick Gibson,0,0,0,0,0,2
Dick,Rathmann,Dick Rathmann,6,0,0,0,0,5
Didier,Pironi,Didier Pironi,228,4.17,3.17,0,3,72
Dieter,Quester,Dieter Quester,2,0,0,0,0,1
Divina,Galica,Divina Galica,0,0,0,0,0,3
Domenico,Schiattarella,Domenico Schiattarella,2,0,0,0,0,7
Don,Beauman,Don Beauman,0,0,0,0,0,1
Don,Branson,Don Branson,7,0,0,0,0,2
Don,Edmunds,Don Edmunds,0,0,0,0,0,1
Don,Freeland,Don Freeland,16,0,0,0,0,8
Dorino,Serafini,Dorino Serafini,9,0,0,0,0,1
Doug,Serrurier,Doug Serrurier,0,0,0,0,0,3
Dries,van der Lof,Dries van der Lof,0,0,0,0,0,1
Duane,Carter,Duane Carter,29,0,0,0,0,10
Duke,Dinsmore,Duke Dinsmore,0,0,0,0,0,4
Duke,Nalon,Duke Nalon,0,0,0,0,0,3
Duncan,Hamilton,Duncan Hamilton,4,0,0,0,0,5
Ed,Elisian,Ed Elisian,0,0,0,0,0,5
Eddie,Cheever,Eddie Cheever,216,0.0,1.51,0,0,143
Eddie,Irvine,Eddie Irvine,440,2.72,2.99,0,4,147
Eddie,Johnson,Eddie Johnson,14,0,0,0,0,9
Eddie,Keizan,Eddie Keizan,0,0,0,0,0,3
Eddie,Russo,Eddie Russo,0,0,0,0,0,4
Eddie,Sachs,Eddie Sachs,0,0,0,0,0,4
Edgar,Barth,Edgar Barth,9,0,0,0,0,7
Eitel,Cantoni,Eitel Cantoni,0,0,0,0,0,3
Elio,de Angelis,Elio de Angelis,319,1.82,2.9,0,2,110
Eliseo,Salazar,Eliseo Salazar,15,0.0,0,0,0,37
Elmer,George,Elmer George,0,0,0,0,0,1
Emanuele,Naspetti,Emanuele Naspetti,0,0,0,0,0,6
Emanuele,Pirro,Emanuele Pirro,30,0.0,0.75,0,0,40
Emerson,Fittipaldi,Emerson Fittipaldi,506,9.4,3.4,2,14,149
Emilio,Zapico,Emilio Zapico,0,0,0,0,0,1
Emilio,de Villota,Emilio de Villota,0,0,0,0,0,14
Enrico,Bertaggia,Enrico Bertaggia,0,0,0,0,0,6
Enrique,Bernoldi,Enrique Bernoldi,6,0.0,0,0,0,29
Eppie,Wietzes,Eppie Wietzes,0,0,0,0,0,2
Eric,Brandon,Eric Brandon,5,0,0,0,0,5
Eric,Thompson,Eric Thompson,6,0,0,0,0,1
Eric,van de Poele,Eric van de Poele,3,0.0,0,0,0,29
Ernesto,Brambilla,Ernesto Brambilla,0,0,0,0,0,1
Ernesto,Prinoth,Ernesto Prinoth,0,0,0,0,0,2
Ernie,McCoy,Ernie McCoy,3,0,0,0,0,2
Ernie,Pieterse,Ernie Pieterse,1,0,0,0,0,3
Ernie,de Vos,Ernie de Vos,0,0,0,0,0,1
Ernst,Klodwig,Ernst Klodwig,0,0,0,0,0,2
Ernst,Loof,Ernst Loof,0,0,0,0,0,1
Erwin,Bauer,Erwin Bauer,0,0,0,0,0,1
Esteban,Gutiérrez,Esteban Gutiérrez,4,0.0,0.07,0,0,59
Esteban,Ocon,Esteban Ocon,279,0.75,2.1,0,1,133
Esteban,Tuero,Esteban Tuero,3,0,0,0,0,16
Ettore,Chimeri,Ettore Chimeri,0,0,0,0,0,1
Eugenio,Castellotti,Eugenio Castellotti,48,0,0,0,0,17
Eugène,Chaboud,Eugène Chaboud,9,0,0,0,0,3
Eugène,Martin,Eugène Martin,0,0,0,0,0,2
Fabrizio,Barbazza,Fabrizio Barbazza,10,0,0,0,0,20
Felice,Bonetto,Felice Bonetto,60,0,0,0,0,17
Felipe,Massa,Felipe Massa,960,4.06,3.54,0,11,271
Felipe,Nasr,Felipe Nasr,21,0.0,0.53,0,0,40
Fernando,Alonso,Fernando Alonso,1631,8.42,4.29,2,32,380
Franck,Lagorce,Franck Lagorce,0,0,0,0,0,2
Franck,Montagny,Franck Montagny,0,0,0,0,0,7
Franco,Comotti,Franco Comotti,0,0,0,0,0,2
Franco,Forini,Franco Forini,0,0,0,0,0,2
Franco,Rol,Franco Rol,2,0,0,0,0,5
Frank,Armi,Frank Armi,0,0,0,0,0,1
Frank,Dochnal,Frank Dochnal,0,0,0,0,0,1
Frank,Gardner,Frank Gardner,3,0,0,0,0,9
François,Cevert,François Cevert,173,2.13,3.68,0,1,47
François,Hesnault,François Hesnault,12,0,0,0,0,20
François,Mazet,François Mazet,0,0,0,0,0,1
François,Migault,François Migault,0,0,0,0,0,15
François,Picard,François Picard,0,0,0,0,0,1
Fred,Agabashian,Fred Agabashian,12,0,0,0,0,8
Fred,Gamble,Fred Gamble,1,0,0,0,0,1
Fred,Wacker,Fred Wacker,7,0,0,0,0,3
Fritz,Riess,Fritz Riess,4,0,0,0,0,1
Fritz,d'Orey,Fritz d'Orey,1,0,0,0,0,3
Gabriele,Tarquini,Gabriele Tarquini,18,0.0,0.23,0,0,78
Gaetano,Starrabba,Gaetano Starrabba,0,0,0,0,0,2
Gary,Brabham,Gary Brabham,0,0,0,0,0,2
Gary,Hocking,Gary Hocking,0,0,0,0,0,1
Gastón,Mazzacane,Gastón Mazzacane,5,0.0,0,0,0,21
Gene,Force,Gene Force,0,0,0,0,0,2
Gene,Hartley,Gene Hartley,3,0,0,0,0,9
Geoff,Crossley,Geoff Crossley,2,0,0,0,0,2
Geoff,Duke,Geoff Duke,0,0,0,0,0,1
Geoff,Lees,Geoff Lees,4,0,0,0,0,12
George,Abecassis,George Abecassis,0,0,0,0,0,2
George,Amick,George Amick,9,0,0,0,0,1
George,Connor,George Connor,6,0,0,0,0,3
George,Constantine,George Constantine,0,0,0,0,0,1
George,Eaton,George Eaton,1,0,0,0,0,13
George,Follmer,George Follmer,15,0,0,0,0,12
George,Fonder,George Fonder,0,0,0,0,0,3
George,Russell,George Russell,253,0.96,2.43,0,1,104
Georges,Berger,Georges Berger,0,0,0,0,0,2
Georges,Grignard,Georges Grignard,0,0,0,0,0,1
Gerhard,Berger,Gerhard Berger,755,4.76,3.6,0,10,210
Gerhard,Mitter,Gerhard Mitter,9,0,0,0,0,5
Gerino,Gerini,Gerino Gerini,10,0,0,0,0,7
Gerry,Ashmore,Gerry Ashmore,0,0,0,0,0,5
Giacomo,Russo,Giacomo Russo,2,0,0,0,0,3
Giancarlo,Baghetti,Giancarlo Baghetti,35,3.85,0,0,1,26
Giancarlo,Fisichella,Giancarlo Fisichella,556,1.3,2.41,0,3,231
Gianfranco,Brancatelli,Gianfranco Brancatelli,0,0,0,0,0,3
Gianmaria,Bruni,Gianmaria Bruni,0,0,0,0,0,18
Gianni,Morbidelli,Gianni Morbidelli,59,0.0,0.84,0,0,70
Giedo,van der Garde,Giedo van der Garde,0,0,0,0,0,19
Gijs,van Lennep,Gijs van Lennep,16,0,0,0,0,9
Gilles,Villeneuve,Gilles Villeneuve,207,8.82,3.04,0,6,68
Gino,Bianco,Gino Bianco,0,0,0,0,0,4
Gino,Munaron,Gino Munaron,0,0,0,0,0,4
Giorgio,Bassi,Giorgio Bassi,0,0,0,0,0,1
Giorgio,Francia,Giorgio Francia,0,0,0,0,0,2
Giorgio,Pantano,Giorgio Pantano,0,0,0,0,0,14
Giorgio,Scarlatti,Giorgio Scarlatti,15,0,0,0,0,15
Giovanna,Amati,Giovanna Amati,0,0,0,0,0,3
Giovanni,Lavaggi,Giovanni Lavaggi,1,0,0,0,0,10
Giovanni,de Riu,Giovanni de Riu,0,0,0,0,0,1
Giulio,Cabianca,Giulio Cabianca,7,0,0,0,0,4
Graham,Hill,Graham Hill,542,7.82,3.03,2,14,179
Graham,McRae,Graham McRae,0,0,0,0,0,1
Graham,Whitehead,Graham Whitehead,0,0,0,0,0,1
Gregor,Foitek,Gregor Foitek,4,0.0,0,0,0,22
Guanyu,Zhou,Guanyu Zhou,11,0.0,0.25,0,0,44
Gunnar,Nilsson,Gunnar Nilsson,67,3.13,0,0,1,32
Gus,Hutchison,Gus Hutchison,0,0,0,0,0,1
Guy,Edwards,Guy Edwards,7,0,0,0,0,16
Guy,Ligier,Guy Ligier,8,0,0,0,0,13
Guy,Mairesse,Guy Mairesse,2,0,0,0,0,3
Guy,Tunmer,Guy Tunmer,0,0,0,0,0,1
Gérard,Larrousse,Gérard Larrousse,0,0,0,0,0,2
Günther,Bechem,Günther Bechem,0,0,0,0,0,2
Günther,Seiffert,Günther Seiffert,0,0,0,0,0,2
Hans,Binder,Hans Binder,5,0,0,0,0,15
Hans,Herrmann,Hans Herrmann,33,0,0,0,0,20
Hans,Heyer,Hans Heyer,0,0,0,0,0,1
Hans,Klenk,Hans Klenk,0,0,0,0,0,1
Hans,von Stuck,Hans von Stuck,0,0,0,0,0,4
Hans-Joachim,Stuck,Hans-Joachim Stuck,100,0.0,1.23,0,0,81
Hap,Sharp,Hap Sharp,5,0,0,0,0,6
Harald,Ertl,Harald Ertl,17,0.0,0,0,0,29
Harry,Blanchard,Harry Blanchard,4,0,0,0,0,1
Harry,Schell,Harry Schell,140,0.0,2.19,0,0,64
Hector,Rebaque,Hector Rebaque,51,0.0,0.88,0,0,58
Heikki,Kovalainen,Heikki Kovalainen,170,0.89,1.52,0,1,112
Heini,Walter,Heini Walter,0,0,0,0,0,1
Heinz,Schiller,Heinz Schiller,0,0,0,0,0,2
Heinz-Harald,Frentzen,Heinz-Harald Frentzen,451,1.89,2.84,0,3,159
Helmut,Marko,Helmut Marko,5,0,0,0,0,9
Helmut,Niedermayr,Helmut Niedermayr,2,0,0,0,0,1
Helmuth,Koinigg,Helmuth Koinigg,1,0,0,0,0,3
Henri,Louveau,Henri Louveau,0,0,0,0,0,2
Henri,Pescarolo,Henri Pescarolo,69,0.0,1.17,0,0,59
Henry,Banks,Henry Banks,5,0,0,0,0,3
Henry,Taylor,Henry Taylor,15,0,0,0,0,10
Herbert,MacKay-Fraser,Herbert MacKay-Fraser,0,0,0,0,0,1
Hermann,Lang,Hermann Lang,6,0,0,0,0,2
Hernando,da Silva Ramos,Hernando da Silva Ramos,12,0,0,0,0,8
Hideki,Noda,Hideki Noda,0,0,0,0,0,3
Hiroshi,Fushida,Hiroshi Fushida,0,0,0,0,0,2
Horace,Gould,Horace Gould,12,0,0,0,0,18
Howden,Ganley,Howden Ganley,57,0.0,0,0,0,39
Hubert,Hahne,Hubert Hahne,1,0,0,0,0,3
Huub,Rothengatter,Huub Rothengatter,14,0.0,0,0,0,28
Ian,Ashley,Ian Ashley,0,0,0,0,0,11
Ian,Burgess,Ian Burgess,10,0.0,0,0,0,26
Ian,Raby,Ian Raby,0,0,0,0,0,7
Ian,Scheckter,Ian Scheckter,1,0,0,0,0,20
Ian,Stewart,Ian Stewart,0,0,0,0,0,1
Ignazio,Giunti,Ignazio Giunti,11,0,0,0,0,4
Ingo,Hoffmann,Ingo Hoffmann,4,0,0,0,0,6
Innes,Ireland,Innes Ireland,115,1.82,2.09,0,1,55
Ivan,Capelli,Ivan Capelli,98,0.0,1.0,0,0,98
Ivor,Bueb,Ivor Bueb,3,0,0,0,0,6
Jac,Nelleman,Jac Nelleman,0,0,0,0,0,1
Jack,Aitken,Jack Aitken,0,0,0,0,0,1
Jack,Brabham,Jack Brabham,473,10.85,3.67,3,14,129
Jack,Fairman,Jack Fairman,16,0,0,0,0,13
Jack,McGrath,Jack McGrath,22,0,0,0,0,6
Jack,Turner,Jack Turner,0,0,0,0,0,4
Jackie,Holmes,Jackie Holmes,0,0,0,0,0,2
Jackie,Lewis,Jackie Lewis,15,0,0,0,0,11
Jackie,Oliver,Jackie Oliver,59,0.0,1.16,0,0,51
Jackie,Pretorius,Jackie Pretorius,0,0,0,0,0,4
Jackie,Stewart,Jackie Stewart,507,27.0,5.07,3,27,100
Jacky,Ickx,Jacky Ickx,354,6.61,2.93,0,8,121
Jacques,Laffite,Jacques Laffite,501,3.33,2.78,0,6,180
Jacques,Pollet,Jacques Pollet,5,0,0,0,0,5
Jacques,Swaters,Jacques Swaters,8,0,0,0,0,7
Jacques,Villeneuve,Jacques Villeneuve,461,6.67,2.79,1,11,165
Jacques,Villeneuve Sr.,Jacques Villeneuve Sr.,0,0,0,0,0,3
Jaime,Alguersuari,Jaime Alguersuari,24,0.0,0.52,0,0,46
James,Hunt,James Hunt,314,10.75,3.38,1,10,93
Jan,Flinterman,Jan Flinterman,2,0,0,0,0,2
Jan,Lammers,Jan Lammers,4,0.0,0.1,0,0,41
Jan,Magnussen,Jan Magnussen,14,0.0,0,0,0,25
Jarno,Trulli,Jarno Trulli,496,0.39,1.94,0,1,256
Jay,Chamberlain,Jay Chamberlain,0,0,0,0,0,3
Jean,Alesi,Jean Alesi,591,0.5,2.93,0,1,202
Jean,Behra,Jean Behra,152,0.0,2.67,0,0,57
Jean,Lucas,Jean Lucas,0,0,0,0,0,1
Jean,Lucienbonnet,Jean Lucienbonnet,0,0,0,0,0,1
Jean-Christophe,Boullion,Jean-Christophe Boullion,17,0,0,0,0,11
Jean-Denis,Délétraz,Jean-Denis Délétraz,0,0,0,0,0,3
Jean-Louis,Schlesser,Jean-Louis Schlesser,0,0,0,0,0,2
Jean-Marc,Gounon,Jean-Marc Gounon,2,0,0,0,0,9
Jean-Pierre,Beltoise,Jean-Pierre Beltoise,221,1.15,2.54,0,1,87
Jean-Pierre,Jabouille,Jean-Pierre Jabouille,30,3.64,0.55,0,2,55
Jean-Pierre,Jarier,Jean-Pierre Jarier,159,0.0,1.11,0,0,143
Jean-Éric,Vergne,Jean-Éric Vergne,38,0.0,0.66,0,0,58
Jenson,Button,Jenson Button,1020,4.85,3.3,1,15,309
Jerry,Hoyt,Jerry Hoyt,3,0,0,0,0,5
Jerry,Unser,Jerry Unser,0,0,0,0,0,1
Jesús,Iglesias,Jesús Iglesias,0,0,0,0,0,1
Jim,Clark,Jim Clark,373,34.25,5.11,2,25,73
Jim,Crawford,Jim Crawford,0,0,0,0,0,2
Jim,Hall,Jim Hall,25,0,0,0,0,12
Jim,Hurtubise,Jim Hurtubise,0,0,0,0,0,1
Jim,McWithey,Jim McWithey,0,0,0,0,0,2
Jim,Rathmann,Jim Rathmann,47,0,0,0,1,12
Jim,Rigsby,Jim Rigsby,0,0,0,0,0,1
Jimmy,Bryan,Jimmy Bryan,32,0,0,0,1,9
Jimmy,Davies,Jimmy Davies,9,0,0,0,0,6
Jimmy,Daywalt,Jimmy Daywalt,7,0,0,0,0,7
Jimmy,Jackson,Jimmy Jackson,0,0,0,0,0,2
Jimmy,Reece,Jimmy Reece,11,0,0,0,0,6
Jimmy,Stewart,Jimmy Stewart,0,0,0,0,0,1
Jo,Bonnier,Jo Bonnier,193,0.92,1.77,0,1,109
Jo,Gartner,Jo Gartner,6,0,0,0,0,8
Jo,Schlesser,Jo Schlesser,0,0,0,0,0,2
Jo,Siffert,Jo Siffert,207,2.0,2.07,0,2,100
Jo,Vonlanthen,Jo Vonlanthen,0,0,0,0,0,1
Joachim,Winkelhock,Joachim Winkelhock,0,0,0,0,0,7
Jochen,Mass,Jochen Mass,243,0.88,2.13,0,1,114
Jochen,Rindt,Jochen Rindt,175,9.68,2.82,1,6,62
Jody,Scheckter,Jody Scheckter,461,8.85,4.08,1,10,113
Joe,Fry,Joe Fry,1,0,0,0,0,1
Joe,James,Joe James,0,0,0,0,0,2
Joe,Kelly,Joe Kelly,0,0,0,0,0,2
John,Barber,John Barber,3,0,0,0,0,1
John,Campbell-Jones,John Campbell-Jones,0,0,0,0,0,5
John,Cannon,John Cannon,0,0,0,0,0,1
John,Cordts,John Cordts,0,0,0,0,0,1
John,Fitch,John Fitch,2,0,0,0,0,2
John,James,John James,0,0,0,0,0,1
John,Love,John Love,19,0,0,0,0,10
John,Miles,John Miles,14,0,0,0,0,15
John,Nicholson,John Nicholson,0,0,0,0,0,2
John,Rhodes,John Rhodes,0,0,0,0,0,1
John,Riseley-Prichard,John Riseley-Prichard,0,0,0,0,0,1
John,Surtees,John Surtees,343,5.36,3.06,1,6,112
John,Taylor,John Taylor,11,0,0,0,0,5
John,Watson,John Watson,412,3.25,2.68,0,5,154
Johnnie,Parsons,Johnnie Parsons,18,0,0,0,1,10
Johnnie,Tolan,Johnnie Tolan,0,0,0,0,0,3
Johnny,Boyd,Johnny Boyd,18,0,0,0,0,6
Johnny,Cecotto,Johnny Cecotto,8,0.0,0,0,0,23
Johnny,Claes,Johnny Claes,16,0.0,0,0,0,25
Johnny,Dumfries,Johnny Dumfries,23,0,0,0,0,16
Johnny,Herbert,Johnny Herbert,317,1.82,1.92,0,3,165
Johnny,Mantz,Johnny Mantz,0,0,0,0,0,1
Johnny,McDowell,Johnny McDowell,0,0,0,0,0,3
Johnny,Servoz-Gavin,Johnny Servoz-Gavin,23,0,0,0,0,12
Johnny,Thomson,Johnny Thomson,21,0,0,0,0,9
Joie,Chitwood,Joie Chitwood,6,0,0,0,0,1
Jolyon,Palmer,Jolyon Palmer,6,0.0,0,0,0,37
Jonathan,Palmer,Jonathan Palmer,95,0.0,1.08,0,0,88
Jonathan,Williams,Jonathan Williams,3,0,0,0,0,1
Jorge,Daponte,Jorge Daponte,0,0,0,0,0,2
Jos,Verstappen,Jos Verstappen,78,0.0,0.73,0,0,107
Josef,Peters,Josef Peters,0,0,0,0,0,1
José,Dolhem,José Dolhem,0,0,0,0,0,3
José Froilán,González,José Froilán González,152,6.9,0,0,2,29
Juan,Fangio,Juan Fangio,385,41.38,6.64,0,24,58
Juan,Jover,Juan Jover,0,0,0,0,0,1
Juan,Pablo Montoya,Juan Pablo Montoya,427,7.37,4.49,0,7,95
Juan Manuel,Bordeu,Juan Manuel Bordeu,0,0,0,0,0,1
Jud,Larson,Jud Larson,3,0,0,0,0,2
Jules,Bianchi,Jules Bianchi,2,0.0,0,0,0,34
Julian,Bailey,Julian Bailey,7,0,0,0,0,20
Justin,Wilson,Justin Wilson,3,0,0,0,0,16
Jyrki,Järvilehto,Jyrki Järvilehto,71,0.0,1.01,0,0,70
Jérôme,d'Ambrosio,Jérôme d'Ambrosio,0,0,0,0,0,20
Kamui,Kobayashi,Kamui Kobayashi,89,0.0,1.17,0,0,76
Karl,Kling,Karl Kling,41,0,0,0,0,12
Karl,Wendlinger,Karl Wendlinger,49,0.0,1.17,0,0,42
Karun,Chandhok,Karun Chandhok,0,0,0,0,0,11
Kazuki,Nakajima,Kazuki Nakajima,25,0.0,0,0,0,36
Kazuyoshi,Hoshino,Kazuyoshi Hoshino,0,0,0,0,0,2
Keith,Andrews,Keith Andrews,0,0,0,0,0,2
Keith,Greene,Keith Greene,0,0,0,0,0,7
Keke,Rosberg,Keke Rosberg,320,3.91,2.5,1,5,128
Ken,Downing,Ken Downing,2,0,0,0,0,2
Ken,Kavanagh,Ken Kavanagh,0,0,0,0,0,1
Ken,Miles,Ken Miles,0,0,0,0,0,1
Ken,Richardson,Ken Richardson,0,0,0,0,0,1
Ken,Wharton,Ken Wharton,29,0,0,0,0,16
Kenneth,McAlpine,Kenneth McAlpine,0,0,0,0,0,7
Kenny,Acheson,Kenny Acheson,0,0,0,0,0,9
Kevin,Cogan,Kevin Cogan,0,0,0,0,0,2
Kevin,Magnussen,Kevin Magnussen,128,0.0,0.78,0,0,164
Kimi,Räikkönen,Kimi Räikkönen,1487,5.97,4.22,1,21,352
Kunimitsu,Takahashi,Kunimitsu Takahashi,2,0,0,0,0,1
Kurt,Adolff,Kurt Adolff,0,0,0,0,0,1
Kurt,Ahrens,Kurt Ahrens,0,0,0,0,0,2
Kurt,Kuhnke,Kurt Kuhnke,0,0,0,0,0,2
Lamberto,Leoni,Lamberto Leoni,0,0,0,0,0,5
Lance,Macklin,Lance Macklin,8,0,0,0,0,15
Lance,Reventlow,Lance Reventlow,0,0,0,0,0,4
Lance,Stroll,Lance Stroll,177,0.0,1.23,0,0,144
Lando,Norris,Lando Norris,363,0.0,3.49,0,0,104
Larry,Crockett,Larry Crockett,2,0,0,0,0,1
Larry,Perkins,Larry Perkins,3,0,0,0,0,15
Lee,Wallard,Lee Wallard,15,0,0,0,1,2
Lella,Lombardi,Lella Lombardi,9,0,0,0,0,17
Len,Duncan,Len Duncan,0,0,0,0,0,1
Len,Sutton,Len Sutton,0,0,0,0,0,3
Leo,Kinnunen,Leo Kinnunen,0,0,0,0,0,6
Les,Leston,Les Leston,0,0,0,0,0,3
Leslie,Johnson,Leslie Johnson,0,0,0,0,0,1
Leslie,Marr,Leslie Marr,0,0,0,0,0,2
Leslie,Thorne,Leslie Thorne,0,0,0,0,0,1
Lewis,Hamilton,Lewis Hamilton,2329,31.02,7.02,7,103,332
Liam,Lawson,Liam Lawson,2,0,0,0,0,5
Lloyd,Ruby,Lloyd Ruby,4,0,0,0,0,2
Logan,Sargeant,Logan Sargeant,1,0.0,0,0,0,22
Lorenzo,Bandini,Lorenzo Bandini,141,2.27,3.2,0,1,44
Loris,Kessel,Loris Kessel,0,0,0,0,0,6
Louis,Chiron,Louis Chiron,25,0,0,0,0,17
Louis,Rosier,Louis Rosier,96,0.0,0,0,0,39
Luca,Badoer,Luca Badoer,21,0.0,0.36,0,0,58
Lucas,di Grassi,Lucas di Grassi,0,0,0,0,0,19
Luciano,Burti,Luciano Burti,8,0,0,0,0,15
Lucien,Bianchi,Lucien Bianchi,20,0,0,0,0,19
Ludovico,Scarfiotti,Ludovico Scarfiotti,36,0,0,0,1,13
Luigi,Fagioli,Luigi Fagioli,54,0,0,0,1,8
Luigi,Musso,Luigi Musso,95,3.85,0,0,1,26
Luigi,Piotti,Luigi Piotti,6,0,0,0,0,9
Luigi,Taramazzo,Luigi Taramazzo,0,0,0,0,0,1
Luigi,Villoresi,Luigi Villoresi,121,0.0,0,0,0,35
Luis,Pérez-Sala,Luis Pérez-Sala,12,0.0,0,0,0,32
Luiz,Bueno,Luiz Bueno,0,0,0,0,0,1
Luki,Botha,Luki Botha,0,0,0,0,0,1
Mack,Hellings,Mack Hellings,0,0,0,0,0,2
Manfred,Winkelhock,Manfred Winkelhock,19,0.0,0.35,0,0,55
Manny,Ayulo,Manny Ayulo,8,0,0,0,0,4
Marc,Gené,Marc Gené,31,0.0,0,0,0,36
Marc,Surer,Marc Surer,127,0.0,1.44,0,0,88
Marcel,Balsa,Marcel Balsa,0,0,0,0,0,1
Marco,Apicella,Marco Apicella,0,0,0,0,0,1
Marcus,Ericsson,Marcus Ericsson,17,0.0,0.18,0,0,97
Maria,de Filippis,Maria de Filippis,1,0,0,0,0,5
Mario,Andretti,Mario Andretti,342,9.3,2.65,1,12,129
Mark,Blundell,Mark Blundell,117,0.0,1.86,0,0,63
Mark,Donohue,Mark Donohue,30,0,0,0,0,15
Mark,Webber,Mark Webber,753,4.15,3.47,0,9,217
Markus,Winkelhock,Markus Winkelhock,0,0,0,0,0,1
Marshall,Teague,Marshall Teague,4,0,0,0,0,4
Martin,Brundle,Martin Brundle,328,0.0,1.99,0,0,165
Martin,Donnelly,Martin Donnelly,10,0,0,0,0,15
Masahiro,Hasemi,Masahiro Hasemi,0,0,0,0,0,1
Massimiliano,Papis,Massimiliano Papis,4,0,0,0,0,7
Massimo,Natili,Massimo Natili,0,0,0,0,0,2
Masten,Gregory,Masten Gregory,73,0.0,1.59,0,0,46
Mauri,Rose,Mauri Rose,8,0,0,0,0,2
Maurice,Trintignant,Maurice Trintignant,220,2.3,2.53,0,2,87
Mauro,Baldi,Mauro Baldi,42,0.0,1.02,0,0,41
Maurício,Gugelmin,Maurício Gugelmin,79,0.0,0.99,0,0,80
Max,Chilton,Max Chilton,0,0.0,0,0,0,35
Max,Jean,Max Jean,0,0,0,0,0,1
Max,Verstappen,Max Verstappen,1173,29.19,6.34,3,54,185
Max,de Terra,Max de Terra,3,0,0,0,0,2
Menato,Boffa,Menato Boffa,0,0,0,0,0,1
Michael,Andretti,Michael Andretti,25,0,0,0,0,13
Michael,Bartels,Michael Bartels,0,0,0,0,0,4
Michael,Bleekemolen,Michael Bleekemolen,0,0,0,0,0,5
Michael,May,Michael May,0,0,0,0,0,4
Michael,Schumacher,Michael Schumacher,1796,29.55,5.83,7,91,308
Michel,Leclère,Michel Leclère,1,0,0,0,0,8
Michele,Alboreto,Michele Alboreto,423,2.33,1.97,0,5,215
Mick,Schumacher,Mick Schumacher,8,0.0,0.18,0,0,44
Miguel Ángel,Guerra,Miguel Ángel Guerra,0,0,0,0,0,4
Mika,Häkkinen,Mika Häkkinen,694,12.12,4.21,2,20,165
Mika,Salo,Mika Salo,178,0.0,1.6,0,0,111
Mike,Beuttler,Mike Beuttler,13,0.0,0,0,0,29
Mike,Fisher,Mike Fisher,0,0,0,0,0,2
Mike,Hailwood,Mike Hailwood,101,0.0,1.98,0,0,51
Mike,Harris,Mike Harris,0,0,0,0,0,1
Mike,Hawthorn,Mike Hawthorn,241,6.25,5.02,1,3,48
Mike,MacDowel,Mike MacDowel,4,0,0,0,0,1
Mike,Magill,Mike Magill,0,0,0,0,0,3
Mike,Nazaruk,Mike Nazaruk,15,0,0,0,0,3
Mike,Parkes,Mike Parkes,24,0,0,0,0,7
Mike,Sparken,Mike Sparken,4,0,0,0,0,1
Mike,Spence,Mike Spence,94,0.0,0,0,0,36
Mike,Taylor,Mike Taylor,0,0,0,0,0,2
Mike,Thackwell,Mike Thackwell,0,0,0,0,0,5
Mike,Wilds,Mike Wilds,0,0,0,0,0,8
Mikko,Kozarowitzky,Mikko Kozarowitzky,0,0,0,0,0,2
Moisés,Solana,Moisés Solana,1,0,0,0,0,8
Myron,Fohr,Myron Fohr,0,0,0,0,0,1
Mário de Araújo,Cabral,Mário de Araújo Cabral,1,0,0,0,0,5
Nanni,Galli,Nanni Galli,2,0,0,0,0,17
Naoki,Hattori,Naoki Hattori,0,0,0,0,0,2
Narain,Karthikeyan,Narain Karthikeyan,7,0.0,0.15,0,0,48
Nasif,Estéfano,Nasif Estéfano,0,0,0,0,0,5
Nello,Pagani,Nello Pagani,4,0,0,0,0,1
Nelson,Piquet,Nelson Piquet,845,11.11,4.08,3,23,207
Nelson,Piquet Jr.,Nelson Piquet Jr.,30,0.0,0,0,0,28
Neville,Lederle,Neville Lederle,5,0,0,0,0,3
Nicholas,Latifi,Nicholas Latifi,8,0.0,0.13,0,0,61
Nick,Heidfeld,Nick Heidfeld,447,0.0,2.43,0,0,184
Nico,Hülkenberg,Nico Hülkenberg,349,0.0,1.69,0,0,206
Nico,Rosberg,Nico Rosberg,899,11.17,4.36,1,23,206
Nicola,Larini,Nicola Larini,37,0.0,0.49,0,0,75
Nicolas,Kiesa,Nicolas Kiesa,0,0,0,0,0,5
Nigel,Mansell,Nigel Mansell,713,16.15,3.71,1,31,192
Niki,Lauda,Niki Lauda,639,14.37,3.67,3,25,174
Nikita,Mazepin,Nikita Mazepin,0,0.0,0,0,0,22
Nino,Farina,Nino Farina,221,13.51,0,0,5,37
Nino,Vaccarella,Nino Vaccarella,2,0,0,0,0,5
Norberto,Fontana,Norberto Fontana,4,0,0,0,0,4
Noritake,Takahara,Noritake Takahara,2,0,0,0,0,2
Nyck,de Vries,Nyck de Vries,2,0,0,0,0,11
Olivier,Beretta,Olivier Beretta,9,0,0,0,0,10
Olivier,Gendebien,Olivier Gendebien,53,0,0,0,0,17
Olivier,Grouillard,Olivier Grouillard,18,0.0,0.29,0,0,62
Olivier,Panis,Olivier Panis,269,0.63,1.7,0,1,158
Onofre,Marimón,Onofre Marimón,18,0,0,0,0,12
Oscar,Gálvez,Oscar Gálvez,6,0,0,0,0,1
Oscar,Larrauri,Oscar Larrauri,0,0.0,0,0,0,21
Oscar,Piastri,Oscar Piastri,49,0.0,0,0,0,22
Oswald,Karch,Oswald Karch,0,0,0,0,0,1
Otto,Stuppacher,Otto Stuppacher,0,0,0,0,0,3
Ottorino,Volonterio,Ottorino Volonterio,0,0,0,0,0,3
Pablo,Birger,Pablo Birger,0,0,0,0,0,2
Paco,Godia,Paco Godia,32,0,0,0,0,14
Paddy,Driver,Paddy Driver,0,0,0,0,0,2
Paolo,Barilla,Paolo Barilla,0,0,0,0,0,15
Pascal,Fabre,Pascal Fabre,5,0,0,0,0,12
Pascal,Wehrlein,Pascal Wehrlein,5,0.0,0,0,0,39
Pastor,Maldonado,Pastor Maldonado,47,1.04,0.49,0,1,96
Pat,Flaherty,Pat Flaherty,12,0,0,0,1,6
Pat,O'Connor,Pat O'Connor,6,0,0,0,0,5
Patrick,Depailler,Patrick Depailler,303,2.11,3.19,0,2,95
Patrick,Friesacher,Patrick Friesacher,5,0,0,0,0,11
Patrick,Gaillard,Patrick Gaillard,0,0,0,0,0,5
Patrick,Nève,Patrick Nève,8,0,0,0,0,13
Patrick,Tambay,Patrick Tambay,277,1.64,2.27,0,2,122
Paul,Belmondo,Paul Belmondo,2,0.0,0,0,0,27
Paul,Emery,Paul Emery,0,0,0,0,0,2
Paul,England,Paul England,0,0,0,0,0,1
Paul,Frère,Paul Frère,26,0,0,0,0,11
Paul,Goldsmith,Paul Goldsmith,14,0,0,0,0,3
Paul,Hawkins,Paul Hawkins,3,0,0,0,0,3
Paul,Pietsch,Paul Pietsch,0,0,0,0,0,3
Paul,Russo,Paul Russo,30,0,0,0,0,9
Paul,di Resta,Paul di Resta,84,0.0,1.42,0,0,59
Pedro,Chaves,Pedro Chaves,0,0,0,0,0,13
Pedro,Diniz,Pedro Diniz,85,0.0,0.86,0,0,99
Pedro,Lamy,Pedro Lamy,18,0.0,0,0,0,32
Pedro,Rodríguez,Pedro Rodríguez,165,3.7,3.06,0,2,54
Pedro,de la Rosa,Pedro de la Rosa,81,0.0,0.76,0,0,107
Perry,McCarthy,Perry McCarthy,0,0,0,0,0,7
Pete,Lovely,Pete Lovely,6,0,0,0,0,11
Peter,Arundell,Peter Arundell,40,0,0,0,0,15
Peter,Ashdown,Peter Ashdown,0,0,0,0,0,1
Peter,Broeker,Peter Broeker,4,0,0,0,0,1
Peter,Collins,Peter Collins,111,8.11,0,0,3,37
Peter,Gethin,Peter Gethin,29,3.33,0,0,1,30
Peter,Hirt,Peter Hirt,4,0,0,0,0,5
Peter,Monteverdi,Peter Monteverdi,0,0,0,0,0,1
Peter,Revson,Peter Revson,122,6.45,0,0,2,31
Peter,Ryan,Peter Ryan,2,0,0,0,0,1
Peter,Walker,Peter Walker,4,0,0,0,0,4
Peter,Westbury,Peter Westbury,0,0,0,0,0,1
Peter,Whitehead,Peter Whitehead,17,0,0,0,0,12
Peter,de Klerk,Peter de Klerk,1,0,0,0,0,4
Phil,Cade,Phil Cade,0,0,0,0,0,1
Phil,Hill,Phil Hill,194,5.77,3.73,1,3,52
Philip,Fotheringham-Parker,Philip Fotheringham-Parker,0,0,0,0,0,1
Philippe,Adams,Philippe Adams,0,0,0,0,0,2
Philippe,Alliot,Philippe Alliot,69,0.0,0.6,0,0,115
Philippe,Streiff,Philippe Streiff,69,0.0,1.28,0,0,54
Philippe,Étancelin,Philippe Étancelin,22,0,0,0,0,12
Piercarlo,Ghinzani,Piercarlo Ghinzani,28,0.0,0.25,0,0,111
Pierluigi,Martini,Pierluigi Martini,129,0.0,1.05,0,0,123
Piero,Carini,Piero Carini,0,0,0,0,0,3
Piero,Drogo,Piero Drogo,3,0,0,0,0,1
Piero,Dusio,Piero Dusio,0,0,0,0,0,1
Piero,Scotti,Piero Scotti,0,0,0,0,0,1
Piero,Taruffi,Piero Taruffi,83,0,0,0,1,18
Pierre,Gasly,Pierre Gasly,245,0.77,1.88,0,1,130
Pierre,Levegh,Pierre Levegh,9,0,0,0,0,6
Pierre-Henri,Raphanel,Pierre-Henri Raphanel,0,0,0,0,0,17
Piers,Courage,Piers Courage,49,0.0,0,0,0,29
Pietro,Fittipaldi,Pietro Fittipaldi,0,0,0,0,0,2
Prince,Bira,Prince Bira,36,0,0,0,0,19
Ralf,Schumacher,Ralf Schumacher,617,3.33,3.43,0,6,180
Ralph,Firman,Ralph Firman,4,0,0,0,0,14
Raul,Boesel,Raul Boesel,13,0.0,0,0,0,30
Ray,Crawford,Ray Crawford,0,0,0,0,0,3
Ray,Reed,Ray Reed,0,0,0,0,0,1
Raymond,Sommer,Raymond Sommer,7,0,0,0,0,5
Red,Amick,Red Amick,0,0,0,0,0,2
Reg,Parnell,Reg Parnell,25,0,0,0,0,7
Reine,Wisell,Reine Wisell,37,0.0,0,0,0,23
Renato,Pirocchi,Renato Pirocchi,0,0,0,0,0,2
Renzo,Zorzi,Renzo Zorzi,7,0,0,0,0,7
René,Arnoux,René Arnoux,377,4.27,2.3,0,7,164
Ricardo,Londoño,Ricardo Londoño,0,0,0,0,0,1
Ricardo,Rodríguez,Ricardo Rodríguez,12,0,0,0,0,6
Ricardo,Rosset,Ricardo Rosset,10,0.0,0,0,0,30
Ricardo,Zonta,Ricardo Zonta,35,0.0,0,0,0,38
Ricardo,Zunino,Ricardo Zunino,12,0,0,0,0,11
Riccardo,Paletti,Riccardo Paletti,0,0,0,0,0,8
Riccardo,Patrese,Riccardo Patrese,614,2.33,2.39,0,6,257
Richard,Attwood,Richard Attwood,36,0,0,0,0,17
Richard,Robarts,Richard Robarts,0,0,0,0,0,4
Richie,Ginther,Richie Ginther,232,1.85,4.3,0,1,54
Rikky,von Opel,Rikky von Opel,4,0,0,0,0,13
Rio,Haryanto,Rio Haryanto,0,0,0,0,0,12
Rob,Schroeder,Rob Schroeder,1,0,0,0,0,1
Rob,Slotemaker,Rob Slotemaker,0,0,0,0,0,1
Robert,Doornbos,Robert Doornbos,0,0,0,0,0,11
Robert,Kubica,Robert Kubica,284,1.01,2.87,0,1,99
Robert,La Caze,Robert La Caze,0,0,0,0,0,1
Robert,Manzon,Robert Manzon,48,0.0,0,0,0,29
Robert,O'Brien,Robert O'Brien,0,0,0,0,0,1
Roberto,Bonomi,Roberto Bonomi,0,0,0,0,0,1
Roberto,Bussinello,Roberto Bussinello,0,0,0,0,0,4
Roberto,Guerrero,Roberto Guerrero,3,0.0,0,0,0,29
Roberto,Lippi,Roberto Lippi,0,0,0,0,0,3
Roberto,Merhi,Roberto Merhi,0,0,0,0,0,13
Roberto,Mieres,Roberto Mieres,47,0,0,0,0,17
Roberto,Moreno,Roberto Moreno,49,0.0,0.66,0,0,74
Robin,Montgomerie-Charrington,Robin Montgomerie-Charrington,0,0,0,0,0,1
Robin,Widdows,Robin Widdows,0,0,0,0,0,1
Rodger,Ward,Rodger Ward,22,0,0,0,1,12
Rodney,Nuckey,Rodney Nuckey,0,0,0,0,0,2
Roelof,Wunderink,Roelof Wunderink,0,0,0,0,0,6
Roger,Laurent,Roger Laurent,5,0,0,0,0,2
Roger,Loyer,Roger Loyer,0,0,0,0,0,1
Roger,Penske,Roger Penske,5,0,0,0,0,2
Roger,Williamson,Roger Williamson,0,0,0,0,0,2
Roland,Ratzenberger,Roland Ratzenberger,0,0,0,0,0,3
Rolf,Stommelen,Rolf Stommelen,61,0.0,1.0,0,0,61
Romain,Grosjean,Romain Grosjean,244,0.0,1.35,0,0,181
Ron,Flockhart,Ron Flockhart,22,0,0,0,0,15
Ronnie,Bucknum,Ronnie Bucknum,9,0,0,0,0,11
Ronnie,Peterson,Ronnie Peterson,375,8.13,3.05,0,10,123
Roy,Salvadori,Roy Salvadori,80,0.0,1.57,0,0,51
Rubens,Barrichello,Rubens Barrichello,1029,3.37,3.16,0,11,326
Rudi,Fischer,Rudi Fischer,22,0,0,0,0,7
Rudolf,Krause,Rudolf Krause,0,0,0,0,0,2
Rudolf,Schoeller,Rudolf Schoeller,0,0,0,0,0,1
Rupert,Keegan,Rupert Keegan,12,0.0,0,0,0,37
Sakon,Yamamoto,Sakon Yamamoto,0,0.0,0,0,0,21
Sam,Hanks,Sam Hanks,35,0,0,0,1,9
Sam,Posey,Sam Posey,0,0,0,0,0,2
Sam,Tingle,Sam Tingle,3,0,0,0,0,6
Satoru,Nakajima,Satoru Nakajima,102,0.0,1.27,0,0,80
Scott,Speed,Scott Speed,6,0.0,0,0,0,28
Sebastian,Vettel,Sebastian Vettel,1621,17.67,5.4,4,53,300
Sergey,Sirotkin,Sergey Sirotkin,1,0.0,0,0,0,21
Sergio,Mantovani,Sergio Mantovani,26,0,0,0,0,9
Sergio,Pérez,Sergio Pérez,835,2.32,3.22,0,6,259
Shinji,Nakano,Shinji Nakano,31,0.0,0,0,0,33
Shorty,Templeman,Shorty Templeman,0,0,0,0,0,3
Siegfried,Stohr,Siegfried Stohr,6,0,0,0,0,13
Silvio,Moser,Silvio Moser,15,0,0,0,0,18
Skip,Barber,Skip Barber,0,0,0,0,0,6
Slim,Borgudd,Slim Borgudd,11,0,0,0,0,15
Stefan,Bellof,Stefan Bellof,19,0.0,0,0,0,22
Stefan,Johansson,Stefan Johansson,221,0.0,2.15,0,0,103
Stefano,Modena,Stefano Modena,59,0.0,0.73,0,0,81
Stephen,South,Stephen South,0,0,0,0,0,1
Stirling,Moss,Stirling Moss,281,21.92,3.85,0,16,73
Stoffel,Vandoorne,Stoffel Vandoorne,20,0.0,0.48,0,0,42
Stuart,Lewis-Evans,Stuart Lewis-Evans,40,0,0,0,0,14
Stéphane,Sarrazin,Stéphane Sarrazin,0,0,0,0,0,1
Syd,van der Vyver,Syd van der Vyver,0,0,0,0,0,1
Sébastien,Bourdais,Sébastien Bourdais,17,0.0,0,0,0,27
Sébastien,Buemi,Sébastien Buemi,34,0.0,0.62,0,0,55
Taki,Inoue,Taki Inoue,5,0,0,0,0,18
Takuma,Sato,Takuma Sato,89,0.0,0.98,0,0,91
Tarso,Marques,Tarso Marques,5,0.0,0,0,0,26
Ted,Whiteaway,Ted Whiteaway,0,0,0,0,0,1
Teddy,Pilette,Teddy Pilette,0,0,0,0,0,4
Teo,Fabi,Teo Fabi,77,0.0,1.08,0,0,71
Theo,Fitzau,Theo Fitzau,0,0,0,0,0,1
Theo,Helfrich,Theo Helfrich,0,0,0,0,0,3
Thierry,Boutsen,Thierry Boutsen,382,1.83,2.33,0,3,164
Thomas,Monarch,Thomas Monarch,0,0,0,0,0,1
Tiago,Monteiro,Tiago Monteiro,15,0.0,0,0,0,37
Tiff,Needell,Tiff Needell,0,0,0,0,0,2
Tim,Parnell,Tim Parnell,1,0,0,0,0,4
Tim,Schenken,Tim Schenken,31,0.0,0,0,0,36
Timmy,Mayer,Timmy Mayer,0,0,0,0,0,1
Timo,Glock,Timo Glock,91,0.0,0.96,0,0,95
Tom,Belsø,Tom Belsø,3,0,0,0,0,4
Tom,Bridger,Tom Bridger,0,0,0,0,0,1
Tom,Jones,Tom Jones,0,0,0,0,0,1
Tom,Pryce,Tom Pryce,86,0.0,2.05,0,0,42
Tommy,Byrne,Tommy Byrne,0,0,0,0,0,5
Tomáš,Enge,Tomáš Enge,0,0,0,0,0,3
Toni,Branca,Toni Branca,1,0,0,0,0,3
Toni,Ulmen,Toni Ulmen,3,0,0,0,0,2
Tony,Bettenhausen,Tony Bettenhausen,31,0,0,0,0,13
Tony,Brise,Tony Brise,17,0,0,0,0,10
Tony,Brooks,Tony Brooks,135,14.63,3.29,0,6,41
Tony,Crook,Tony Crook,0,0,0,0,0,2
Tony,Gaze,Tony Gaze,0,0,0,0,0,4
Tony,Maggs,Tony Maggs,80,0.0,0,0,0,27
Tony,Marsh,Tony Marsh,3,0,0,0,0,9
Tony,Rolt,Tony Rolt,0,0,0,0,0,3
Tony,Settember,Tony Settember,3,0,0,0,0,10
Tony,Shelly,Tony Shelly,0,0,0,0,0,3
Tony,Trimmer,Tony Trimmer,0,0,0,0,0,6
Toranosuke,Takagi,Toranosuke Takagi,11,0.0,0,0,0,32
Torsten,Palm,Torsten Palm,1,0,0,0,0,2
Toshio,Suzuki,Toshio Suzuki,0,0,0,0,0,2
Toulo,de Graffenried,Toulo de Graffenried,56,0.0,0,0,0,23
Travis,Webb,Travis Webb,0,0,0,0,0,4
Trevor,Blokdyk,Trevor Blokdyk,0,0,0,0,0,2
Trevor,Taylor,Trevor Taylor,36,0.0,0,0,0,29
Troy,Ruttman,Troy Ruttman,18,0,0,0,1,9
Ukyo,Katayama,Ukyo Katayama,46,0.0,0.47,0,0,97
Umberto,Maglioli,Umberto Maglioli,30,0,0,0,0,10
Valtteri,Bottas,Valtteri Bottas,947,4.48,4.25,0,10,223
Vern,Schuppan,Vern Schuppan,4,0,0,0,0,12
Vic,Elford,Vic Elford,32,0,0,0,0,13
Vic,Wilson,Vic Wilson,0,0,0,0,0,2
Vincenzo,Sospiri,Vincenzo Sospiri,0,0,0,0,0,1
Vitaly,Petrov,Vitaly Petrov,43,0.0,0.74,0,0,58
Vitantonio,Liuzzi,Vitantonio Liuzzi,34,0.0,0.42,0,0,81
Vittorio,Brambilla,Vittorio Brambilla,96,1.28,1.23,0,1,78
Volker,Weidler,Volker Weidler,0,0,0,0,0,10
Walt,Ader,Walt Ader,0,0,0,0,0,1
Walt,Brown,Walt Brown,0,0,0,0,0,2
Walt,Faulkner,Walt Faulkner,10,0,0,0,0,5
Walt,Hansgen,Walt Hansgen,6,0,0,0,0,4
Warwick,Brown,Warwick Brown,0,0,0,0,0,1
Wayne,Weiler,Wayne Weiler,0,0,0,0,0,1
Will,Stevens,Will Stevens,0,0,0,0,0,19
Willi,Heeks,Willi Heeks,0,0,0,0,0,2
Willy,Mairesse,Willy Mairesse,19,0,0,0,0,12
Wilson,Fittipaldi,Wilson Fittipaldi,26,0.0,0,0,0,38
Wolfgang,Seidel,Wolfgang Seidel,2,0,0,0,0,13
Wolfgang,von Trips,Wolfgang von Trips,119,7.14,0,0,2,28
Yannick,Dalmas,Yannick Dalmas,22,0.0,0.44,0,0,50
Yuji,Ide,Yuji Ide,0,0,0,0,0,4
Yuki,Tsunoda,Yuki Tsunoda,42,0.0,0.64,0,0,66
Yves,Cabantous,Yves Cabantous,24,0,0,0,0,13
Zsolt,Baumgartner,Zsolt Baumgartner,6,0,0,0,0,20
Élie,Bayol,Élie Bayol,11,0,0,0,0,7
Éric,Bernard,Éric Bernard,53,0.0,1.13,0,0,47
Érik,Comas,Érik Comas,68,0.0,1.08,0,0,63
Óscar,González,Óscar González,5,0,0,0,0,1
